tipo,date,content,rating
cafe_capsulas,31/05/2016,"El sabor es muy malo, se pierde parte del café, ya que no se llena la taza a los mismos niveles que cuando se usan cápsulas de Nespresso",2
cafe_capsulas,19/07/2016,"Pues desde un inicio sabía que no era calidad Dolce, que si el precio es competitivo 70/80 pesos vale la pena probarlo aunque su sabor nada espectacular como otras versiones.",2
cafe_capsulas,13/11/2016,"La caja parecía que ya había sido abierta, pero tenia todas las capsulas. El pedido llego en tiempo forma (al día siguiente).",2
cafe_capsulas,01/12/2016,"Pagué cinco latas y me llegaron 4. La caja venía bien cerrada con la cinta de Amazon, costó mucho trabajo cortarla. Para mi sorpresa, sólo 4 latas, busqué el mejor precio y me salió un 20% más caro",2
cafe_capsulas,01/03/2017,"Café Punta del Cielo ha sido una buena marca, he disfrutado sus cafes en plazas comerciales; no obstante, sus cápsulas para Nespresso no saben igual, quedan un poco insípidas y definitivamente nada que ver con las cápsulas originales ni con el Café Punta del Cielo de las plazas.",2
cafe_capsulas,20/05/2017,"Si funciona sin  problemas en la maquina de cafe doce gusto, sin embargo su sabor no es tan exquisito como las originales.  Pero buen intento.",2
cafe_capsulas,28/05/2017,"Abrí estas cápsulas y dos meses después, ya no tenían sabor.
Las cápsulas originales de Nesspresso cuestan casi el doble. pero creo que valen más la pena.",2
cafe_capsulas,02/06/2017,"No me gusto el sabor del café, el sabor no es como el de nespresso y no es muy intenso",2
cafe_capsulas,20/07/2017,El artículo no especifica que está a punto de caducar. Es importante poner ese dato para que el cliente sepa si le merece la pena comprarlo o no,2
cafe_capsulas,10/08/2017,"El precio está muy por arriba del que se ofrece en los supermercados y es exactamente el mismo producto, .",2
cafe_capsulas,14/08/2017,"Es una opcion economica, pero sabe mejor el original de dolche gusto. Adema de tener mas variedad de sabores. Saludos",2
cafe_capsulas,28/08/2017,"Cuando compré estas cápsulas la primera vez estaba satisfecha ya que funcionó adecuadamente con la máquina Dolce gusto, y considero que el sabor del café es mejor.  Sin embargo más de la mitad de las veces se derrama el agua por los lados de la cafetera y no se completa ni una taza. El control de calidad no es adecuado ya que debe existir un error en el tamaño de la cápsula.  No vale la pena comprarlas ya que hay que tirar la mitad a la basura",2
cafe_capsulas,29/08/2017,Es muy flaco el café y el sabor un poco raro para mi. No recomiendo la compra deste producto mismo por el precio que es bueno.,2
cafe_capsulas,10/10/2017,"Cuando las usé yo, en efecto, el sabor no es igual. La ""compatibilidad"" varía de acuerdo a la máquina. No le queda a todas. ...Nespresso es ""buena marca"" y el café es ""de calidad"". Obviamente, Punta del Cielo jamás le llegará a Nespresso. Vaya, el que sean cápsulas compatibles no significa que el contenido sea igual.
Y lo ves desde la etiqueta. Café express? O café Expresso, como escriben muchos? Tache. Si pagas por esto, esperando buen café, te equivocaste.",2
cafe_capsulas,26/10/2017,Ácido y sin cuerpo.  Además  las cápsulas dejan salir el aroma del café y hay que ejercer presión para que la máquina nesspresso rompa la cápsula.,2
cafe_capsulas,19/03/2018,"Quede sorprendido se supone es café punta del cielo región Chiapas el café resulto sin sabor y como decía mi abuelita ""Sabe a agua de calcetín"" ni hablar lo barato salió caro.",2
cafe_capsulas,19/04/2018,"La tapa muy débil, se unde un poco con la Dolce más pequeño y se mancha con gotas de agua, hay que tallar ligeramente para que no se rompa. Las capsulas dentro bailan. Muy desepcionado. Para las capsular hay una que se cuelga en la pared y no distorba.",2
cafe_capsulas,22/04/2018,El producto queda perfecto en las maquinas Dolce*gusto pero saben horrible. No lo compraré nuevamente y por lo tanto no lo recomiendo.,2
cafe_capsulas,12/06/2018,Tenía muchas expectativas pero me decepcionaron. El café sabe quemado. Da como para una taza pequeña. No las compraré de nuevo.,2
cafe_capsulas,18/07/2018,"El producto es bueno, sin embargo, dice en la descripción que es compatible, cuando lo puse en mi maquina era mas grande por lo cual no cerraba.",2
cafe_capsulas,26/07/2018,"No es la misma medida de las capsulas, le queda un poco grande, pongo las capsulas y las que quedan en la parte superior se caen al girar o ponerlo.

Tiene un bonito diseño; pero no es funcional por la medida.",2
cafe_capsulas,08/09/2018,No tiene el mismo sabor que una cápsula original y tapan las máquinas de Nespresso. No lo recomiendo mucho si quieren cuidar su maquin a,2
cafe_capsulas,25/09/2018,es un Expresso  y el resultadop es pero que un café americano,2
cafe_soluble,26/09/2018,"El pedido llegó muy rápido pero el café no tiene aroma ni sabor, indica que es intenso pero se deben poner demasiadas cucharadas para tener un atisbo muy ligero de sabor. La presentación es bonita pero nada más",2
cafe_grano,27/09/2018,"Viejo, probablemente mas de 7 meses de empacado. Muy Acido.  Después de experimentar por un tiempo, decidí no terminar la bolsa y empezar con otra marca.
No lo compraría de nuevo.",2
cafe_molido,27/09/2018,"Viejo, probablemente mas de 7 meses de empacado. Muy Acido.  Después de experimentar por un tiempo, decidí no terminar la bolsa y empezar con otra marca.
No lo compraría de nuevo.",2
cafe_capsulas,29/09/2018,no esta bueno el sabor de cafe,2
cafe_molido,01/10/2018,"Compré este café creyendo que sería un buen producto, y a lo mejor sí lo es, pero yo recibí un paquete quizá ya con mucho tiempo de haber sido empacado, por lo que había perdido muchas de sus cualidades. Ojalá que cuiden más ese aspecto, porque aunque tiene caducidad como hasta el 2021, la verdad es que si ya tiene más de un mes de haber sido tostado, no vale la pena consumirlo.",2
cafe_soluble,20/10/2018,"El pedido llegó en tiempo y forma. sólo que siento que le falta mucho sabor al café , está muy ligero.",2
cafe_capsulas,05/11/2018,"Se necesitan 2 cápsulas para preparar un buen café por lo cual un café te sale más caro que uno con una cápsula original.

El sabor es muy similar a un café soluble, no me gusto.",2
cafe_molido,07/11/2018,"Unos granos vienen demasiado tostados, amargando el resultado. Una verdadera lástima",2
cafe_molido,24/11/2018,"No es por mucho el mejor café que allá probado, le falta mucho cuerpo y aroma",2
cafe_capsulas,27/11/2018,"El café de punta del cielo siempre ha sido de mis favoritos, y aplaudo el hecho de que sean compostables, pero creo que primero deben garantizar el funcionamiento, mis 2 estrellas son debido a:

- Las cápsulas se atoran frecuentemente en la máquina (50% de las veces aprox)
- Las cápsulas tienen un mal flujo de agua y atascan la bomba (20% de las veces)

Estos 2 problemas quitan una de las mayores ventajas del café de cápsula, la simplicidad de presionar un botón y tener un café, y en el peor de los casos, terminas desperdiciando una cápsula",2
cafe_capsulas,28/11/2018,No me gustó el café,2
cafe_capsulas,23/12/2018,No cumplió con mis expectativas contra Nesspreso,2
cafe_capsulas,02/01/2019,ni me gusto el sabor del café creo que no vale el precio ya que es de baja calidad,2
cafe_soluble,03/01/2019,"A pesar de anunciarse como el café insignia de la Parroquía, es un café muy convencional, aroma pobre, nada diferente al que puedas comprar en un oxxo . Terminé regalándolo",2
cafe_capsulas,06/01/2019,Ni el sabor me gustó,2
cafe_capsulas,06/01/2019,"No repito este producto, baja calidad y sabor pesimo",2
cafe_capsulas,25/01/2019,"Lamentablemente no saben, tenía la esperanza de poder usar otras cápsulas que no sean las Nestlé pero fue una decepción. Hasta los expresos quedan aguados. Parece café viejo que perdió ya su aroma y sabor.",2
cafe_capsulas,25/01/2019,"Lamentablemente no saben, tenía la esperanza de poder usar otras cápsulas que no sean las Nestlé pero fue una decepción. Hasta los expresos quedan aguados. Parece café viejo que perdió ya su aroma y sabor.",2
cafe_grano,26/01/2019,"El aroma que libera al abrir la bolsa por primera vez sube las expectativas de uno, este aroma se hace presente cada vez que se abre el empaque. De verdad pensaba que me había llegado café de calidad y con un tueste fresco. Vaya error...
Claramente se recomienda al reverso usar un método pour over, así lo hice. El ""bloom"" de este café duro menos de dos segundos, hecho que habla de un grano viejo, seguro con más de 5 meses empaquetado. El sabor, pues de un café viejo, amargo a pesar de una correcta extracción, sin notas profundas y con un sabor de boca astringente.
Si eres quienes ha invertido en un molino y has llenado tu alacena de v60s, prensas francesas, chemex, filtros, etc, este café no es para ti. En ningún lado viene la fecha de tostado. Realmente es una pena. He de decir que la mejor parte de hacer este café era abrir su empaque y disfrutar de ese aroma que se disipaba por toda la habitación y solo generaba falsas esperanzas para la taza.",2
cafe_capsulas,09/02/2019,"El café tiene buen sabor, pero el tipo de molido no es el adecuado para las máquinas Nespresso, sale demasiado aguado sin cuerpo. Y mas importante las capsulas no funcionan adecuadamente en mi Nespresso Expert, con frecuencia se quedan atoradas dentro de la máquina. Hasta que no mejoren tanto el molido, como el diseño de la capsula, No lo volvería a comprar y no las recomiendo.",2
cafe_soluble,22/02/2019,"Esperaba un sabor fuerte y un aroma profundo todo lo contrario, el sabor es muy pero muy suave al igual que el color el aroma no se percibe al mezclarlo conozco varios tipos de cafe y este me quedo a deber ni modo.",2
cafe_grano,14/03/2019,El grano puede ser un inconveniente debido a la cantidad de grasa,2
cafe_molido,14/03/2019,El grano puede ser un inconveniente debido a la cantidad de grasa,2
cafe_capsulas,16/03/2019,El sabor no es al que me tiene acostumbrado punta del cielo. No me gusto,2
cafe_capsulas,20/03/2019,Buen cafe intensidad baja.. me esperaba algo mas cargado para mi expreso.,2
cafe_grano,24/03/2019,"trate de prepararlo de diferentes formas y siempre resulto en un sabor malo, dice tueste obscuro pero para mi que casi lo hacen carbon XD, no es para nada bueno",2
cafe_molido,24/03/2019,"trate de prepararlo de diferentes formas y siempre resulto en un sabor malo, dice tueste obscuro pero para mi que casi lo hacen carbon XD, no es para nada bueno",2
cafe_capsulas,25/03/2019,Mal sabor,2
cafe_soluble,01/04/2019,Tiene el sabor muy tenue y apenas se distingue.,2
cafe_capsulas,26/04/2019,"El café está muy bueno como lo mencionan otras opiniones. El problema es el empaque. La bolsa que contiene las cápsulas parece muy chica para las 12 cápsulas. Dos cápsulas llegaron rotas, por lo que tuve que tirarlas. Me pude dar cuenta que el producto venia mal porque se alcanzaba a ver, sin abrirlo, que había café derramado sobre las demás cápsulas. Por políticas de Amazon no pude devolver el artículo.",2
cafe_capsulas,07/05/2019,No me gusto el sabor,2
cafe_grano,28/05/2019,"El precio es el correcto si el café estuviera en su punto, pero me imagino que ya lleva algunos días almacenado y su sabor es muy débil y está seco. Creo que tiene potencial si estuviera fresco, también no se si tuve mala suerte y me llego uno así. Le doy 2 estrellas porque si es un café bebible pero no es bueno",2
cafe_capsulas,03/06/2019,No funciono en cafetera dolce gusto,2
cafe_capsulas,05/06/2019,"Es una lástima, se nota que son buenos materiales pero están ensamblados de una manera muy pobre. las partes metálicas que sostienen los cartuchos están descuadradas y más justas en unas partes que en otras. Además cuando giras el producto para buscar un cartucho se nota fuera de eje y se inclina hacia ciertos lados.
No sé merece una estrella, pero definitivamente no más de 2, sobre todo por el precio que pagué.",2
cafe_capsulas,29/06/2019,Carajillos,2
cafe_soluble,09/07/2019,Que tengan mas cuidado al empacar y al transportar lo de vidrio y liquidosor porque llegan rotos,2
cafe_soluble,10/07/2019,"El café suena llamativo por el renombre que tiene a nivel nacional la parroquia sin embargo dista mucho de un café de calidad, su sabor es muy semejante al de un café común y corriente por lo cual no justifica su precio, pueden encontrar más en marcas como punta del cielo, solo Dios e inclusive en la cama Reserva de Nescafé, no lo recomiendo.",2
cafe_soluble,10/07/2019,"Me mandaron producto caducado, aun asi me lo tome y sabe bueno el maldito pero eso de mandar caducados no esta chévere.",2
cafe_soluble,26/07/2019,"Me gustó lo que no debí de ver la presentación y el hecho que dice Orgánico.
No me gustó nada del producto sabe a café viejo no tiene cuerpo sabor tienes que usar mucho producto en la taza para sentir un mejor sabor, horrible de Orgánico no tiene nada para nada lo recomendaría es un timo.",2
cafe_capsulas,07/08/2019,Aun no recibo mi pedido programado para el 16 de julio sigo sin recibirlo ?????,2
cafe_soluble,11/08/2019,La compra estuvo bien llegó a tiempo y todo.. sin embargo el sabor dejó mucho que desear.. no me gusto :(,2
cafe_molido,13/08/2019,"Me base en las opiniones de otros clientes y por eso me anime a comprarlo: 1) es mas económico que otros, 2) el sabor no me gusto le falta sabor mas intenso, 3) Ademas no es muy aromático,  4) el tipo de molido tiene el detalle que  esta muy muy molido, mi malla plástica de mi cafetera dejo pasar mucho café, no debe ser problema para mallas de papel. Solo quise experimentar y probar este café, pero definitivamente me regreso al anterior.",2
cafe_molido,17/08/2019,Café casi sin aroma; sería bueno que emplearan inventario más fresco,2
cafe_capsulas,18/08/2019,"Estas son las cápsulas con el sabor más fuerte, la verdad no están buenas y también dan un poco de trabajo para insertarlas en la cafetera.

Si quieren buenas cápsulas compatibles con Nespresso mejor busquen las de Café Punta del Cielo.",2
cafe_capsulas,18/08/2019,"Las cápsulas del bote dorado son un poco más fuertes en sabor que las del bote azul, aún así son malas.
Y todas dan un poco de trabajo para insertarse en la cafetera.",2
cafe_soluble,20/08/2019,"La tapa del café llegó rota, no cierra",2
cafe_soluble,20/08/2019,Pensé que sería como uno que ya ee tomado yo pero la verdad se me iso algo fuerte de canela o pilóncillo pero de ahí en fuera bien,2
cafe_soluble,23/08/2019,"No me gustó el sabor, no se parece en nada a otros café de olla que he probado.",2
cafe_soluble,24/08/2019,"Realice el frappé con las proporciones recomendadas, sin embargo no sabe a taro comparado con otros productos similares, el sabor no es desagradable pero no es un producto que volvería a comprar.",2
cafe_molido,03/09/2019,La información del producto no es la correcta.,2
cafe_grano,04/09/2019,"No puedo opinar realmente sobre el sabor del café, da la impresión de que lo almacenaron en lugares muy calientes por mucho tiempo, desde que abres la bolsa no recibes el olor de café tostado, y cuando lo mueles sigue igual. No volvería a comprar café por Amazon.",2
cafe_soluble,25/09/2019,Buen sabor pero tienes que usar un exceso para que sepa a taro.,2
cafe_grano,25/09/2019,"Es un café sin sabor, sin acidez, ni cuerpo, solo es amargor y nada más. Si te gusta tu café con mucha crema y azúcar quizás te interese, pero de otra manera no lo recomiendo.",2
cafe_capsulas,27/10/2019,"Lo bueno: El aroma es delicioso, el precio es competitivo.
Lo malo: Como toda marca que ofrece capsulas compatibles con Nespresso, aún no lo logran, lo que hace que el café muchas veces no se prepare correctamente y la cápsula deja residuos.

Conclusión: Si la marca ofrece su café en otra presentación lo compraré, pero estas capsulas compatibles aún no estan bien logradas para ninguna marca y por eso ya no compraré compatibles.",2
cafe_soluble,30/10/2019,"Soy una persona que toma el café sin azúcar y cargado sin embargo mi padre le gusta suave y super azucarado. Pensé que este seria de su agrado y me comentó que le hacía falta azúcar aun cuando ocupé 2 cucharadas copeteadas. Yo mismo lo probé, y para mí es como tomar agua con crema de esa que te dan en las tiendas como el 7/11. No lo recomiendo ya que no sabe a café, sabe a azúcar con agua.",2
cafe_molido,07/11/2019,"Muy caro para la calidad del café falta sabor ,, como que tiene mucho tiempo empacado",2
cafe_capsulas,11/11/2019,"ES SATISFACTORIO, nada especial.",2
cafe_capsulas,18/11/2019,"Muy debil sabor, la concentración de sabor es muy baja y el cafe sabe muy raro.",2
cafe_soluble,08/12/2019,"Está bien sabroso, pero lo malo que uno llegó quebrado, se me desaparecieron las fotos no tengo como comprobarlo",2
cafe_grano,16/12/2019,"Estaba funcionando a la perfección mi cafetera cuando se me ocurrió probar este café, el sabor estaba medio equis pero lo seguí tratando de usar para terminar la bolsita ya que luego obvio pierden aroma y sabor, pero de pronto la cafetera se descompuso. Al desarmarla se vio que los conductos del agua se habían tupido con la borra del café, algo que nunca me había pasado antes con ninguna otra marca de café. Me deben una cafetera, Ehya.",2
cafe_soluble,30/12/2019,"Me gusta mucho el café legal en su otra presentación no soluble. Pensé que este que es soluble tendría el mismo sabor y no, no me gusto, es un sabor agradable al principio pero posterior fastidia. No es lo que esperaba, no no volvería a Comprar en presentación soluble.",2
cafe_soluble,05/01/2020,Muy pequeño para el precio,2
cafe_grano,08/01/2020,Ahora si de espresso no tuvo nada este café.,2
cafe_molido,08/01/2020,Ahora si de espresso no tuvo nada este café.,2
cafe_soluble,14/01/2020,En lo personal el sabor no es tan bueno,2
cafe_capsulas,19/01/2020,Mal sabor,2
cafe_capsulas,21/01/2020,"Buen café, pero la cápsula viene de mala calidad y mal preparada, deja con muy poca concentración y sin sabor el expreso",2
cafe_soluble,23/01/2020,"Está muy rico y todo, llegó mayugado  y lo comprendo; pero estaba sellado y llegó poco más de la mitad del producto.",2
cafe_soluble,26/01/2020,El producto no representa el tamaño del valor contra lo que compras en el supermercado,2
cafe_capsulas,04/02/2020,Llegaron 3 cápsulas dañadas,2
cafe_capsulas,05/02/2020,"Estas cápsulas son una buena opción en cuanto a precio, pero el sabor no era lo esperado, un poco sobretostado y no rinde lo mismo que las otras cápsulas.",2
cafe_molido,05/02/2020,Dice que es soluble y viene en grano molido,2
cafe_capsulas,10/02/2020,"el aroma es bueno, pero el sabor no",2
cafe_molido,12/02/2020,"No me gusto.
Tuve que combinarlo con otro café para poder tomarlo.",2
cafe_grano,13/02/2020,"para el tipo de empaque (presentación) y el lugar de origen del producto uno pensaría que es muy bueno ese café pero la realidad es que no tiene la calidad que se espera, el que a mi me enviaron tenia ya pocos mese para que caducada quizás también influyó eso, la experiencia que tuve me evitara volverlo a pedir",2
cafe_capsulas,29/02/2020,"El espresso queda muy diluido, el sabor muy pobre. Tenia altas expectativas porque el café de esta marca en general es bueno. Aunque el precio fue muy bajo, esperaba algo mejor. Voy a devolver",2
cafe_molido,02/03/2020,"Pensé que sería un producto diferente ya que tiene la leyenda ""Organic Coffee"" en el empaque. El producto llegó bien y a tiempo, pero el sabor deja mucho que desear. A pesar de que viene completamente sellado el empaque no es el mas adecuado para conservar la frezcura y las propiedades del café además de que el tostado no es el mejor, dice ser un producto ""Gourmet"" pero no tiene las características para serlo.",2
cafe_grano,12/03/2020,No tiene mucho sabor,2
cafe_grano,12/03/2020,No tiene sabor,2
cafe_soluble,21/03/2020,Me fui por el precio y no revisé el gramaje son chiquitas. Ojo con las medidas en todo lo que compren,2
cafe_molido,31/03/2020,Sabe un poco mal,2
cafe_soluble,02/04/2020,"Pedí descafeinado y me llegó normal, me indican que no puedo devolverlo pero no me llegó bien el pedido, es la primera vez que me pasa y la verdad no es lo que esperaba por el costo",2
cafe_capsulas,06/04/2020,"En la cafetera que tengo no quedaron bien las capsulas, le tengo que cortar un pedazo de la orilla para que entre, y con el corte si queda, he comprado otras marcas y si quedan, pero el sabor del cafe si es bueno",2
cafe_molido,07/04/2020,"En verdad tenia buena expectativa de este café, sin embargo es demasiado ligero.
Creo que lo deberían de mencionar así, es un café sin cuerpo, por mas que intente cargarlo fue imposible obtener un sabor a café fuerte que uno esperaría.
En gustos se rompen géneros, pero en verdad si buscas un café fuerte, este no es para ti",2
cafe_capsulas,08/04/2020,No es compatible con cafeteras,2
cafe_grano,16/04/2020,"Anteriormente había probado el cafe Britt de Costa Rica, de donde es originaria la marca, y la verdad nada que ver, este cafe britt de veracruz una decepcion total. Los granos están muy tostados y arruinan el sabor del café. Si te gustan los cafés con granos bien tostados, este es para ti, pero en cambio si eres de los te gusta disfrutar todas las notas frutales y la acidez de un café, definitivamente no compres este cafe.",2
cafe_molido,16/04/2020,"Anteriormente había probado el cafe Britt de Costa Rica, de donde es originaria la marca, y la verdad nada que ver, este cafe britt de veracruz una decepcion total. Los granos están muy tostados y arruinan el sabor del café. Si te gustan los cafés con granos bien tostados, este es para ti, pero en cambio si eres de los te gusta disfrutar todas las notas frutales y la acidez de un café, definitivamente no compres este cafe.",2
cafe_molido,17/04/2020,No tiene casi sabor ni olor,2
cafe_capsulas,21/04/2020,"Me entusiasmó el encontrar un café de oaxaca para espresso, pero creo que hace falta trabajar mejor la mezcla de café, el sabor es algo burdo, y queda muy por debajo de cualquier mezcla de los originales de nespresso, ojalá que pueda mejorar el producto, para que hubiera un producto representativo de oaxaca",2
cafe_capsulas,22/04/2020,Hola compré unas cápsulas de nespresso me llegaron pero no son del tamaño de las cápsulas que usa mi cafetera quisiera cambiar por las del tamaño la caja chica es el tamaño correcto,2
cafe_capsulas,22/04/2020,"Pero la verdad no vale la pena, no hay diferencia significativa entre el de Dolce gusto a este de stabucks.",2
cafe_molido,23/04/2020,Lo compré por que decía café de grano y lo iba ocupar para mi cafetera expresas. ?? Y?? SALIÓ MOLIDO??,2
cafe_molido,23/04/2020,Sabe a un café “X” literal no me sorprendió,2
cafe_capsulas,30/04/2020,La cápsula está mal diseñada y hace que la máquina trabaje de más. Además el sabor del café es muy simple y sin aroma.,2
cafe_molido,04/05/2020,"Decepcionante. Me animé a comprarlo por los comentarios aquí en Amazon, sin embargo mi experiencia de comprador: no tiene buen sabor, no da el aroma ni el sabor de café, tiene un retrogusto como si estuviera viejo, o mal empacado.  El precio nos pareció bueno porque incluye el envío. Pero no lo volvería a comprar. Compro otros cafés en el estado de Veracruz antes de la pandemia y son excelentes aunque pase el tiempo conservan sabor y aroma.",2
cafe_grano,05/05/2020,"Amazon=Outlet, ésto es una ruleta, precio bajo= pésima calidad,  precio alto=calidad aceptable, y aveces todo lo contrario. Buena Suerte en la Lotería.

Comparando Tienda vs Amazon 70 % sobrecosto, y luego?
Por el precio, no es aceptable vs calidad. No es café de especialidad,  $340.00 por kg.

Si fuera el Precio $100 x 1/2 kg. Sí = que en Tienda.

Sumarle menos producto, (50 g) porque estaba cortado el empaque con cutter, típico Costco. (pesado en báscula).",2
cafe_molido,05/05/2020,"Lo.unico malo que encontré en esto fue que lo pedí molido, y me lo enviaron de grano entero",2
cafe_soluble,07/05/2020,"2 estrellas, pedí Regular y recibí Descafeinado.",2
cafe_grano,14/05/2020,"Tenía ganas de descubrir un café con una relación sabor-precio decente. Por lo mismo que no es caro, no esperaba mucho, solo un café que supiera a café. Sin embargo, el nivel tan extremo de tostado, terminó haciendo este café intomable. Aun combinándolo con leche, se siente ese sabor carbonizado muy desagradable.
Aunque prefiero tuestes medios, puedo disfrutar un tueste oscuro de vez en cuando. Pero este, a pesar de que dice que es medio-oscuro, es uno de los cafés con más sabor a quemado que he bebido en toda mi vida.

Una lástima, ojalá mejoren ese punto porque me gusta conocer nuevos productos mexicanos de calidad.",2
cafe_grano,17/05/2020,"La descripción específica que es ""Tueste Obscura"" y no es.  Mi esposa sólo puede tomar obscura por razónese de salud. El sabor está bien por ser mediana.",2
cafe_molido,17/05/2020,"La descripción específica que es ""Tueste Obscura"" y no es.  Mi esposa sólo puede tomar obscura por razónese de salud. El sabor está bien por ser mediana.",2
cafe_capsulas,18/05/2020,"No pude saborear el café, las cápsulas son plásticas y están pésimas, se tapan, casi no sale y la máquina trabaja muuucho! Le daría otra oportunidad al café pero si cambiaran las cápsulas, de lo contrario, no vale la pena.",2
cafe_molido,23/05/2020,EL CAFE ESTA MUY MOLIDO Y TAPA EL FILTRO DE LA CAFETERA.,2
cafe_molido,24/05/2020,"Buen aroma pero sin sabor, se necesita usar mucho para tener un café pasable",2
cafe_molido,24/05/2020,"Nada de aroma, no tiene fecha de empaque y creo no era fresco. Sin carácter",2
cafe_grano,26/05/2020,Desafortunadamente no me sirvió para la extracción. Probé diferentes medidas de molido y en ninguna pude obtener crema de el. No recomiendo,2
cafe_molido,26/05/2020,Desafortunadamente no me sirvió para la extracción. Probé diferentes medidas de molido y en ninguna pude obtener crema de el. No recomiendo,2
cafe_molido,26/05/2020,"Recibi el producto incorrecto, yo pedi cafe molido y me llego cafe en grano. He intentado devolverlo y me dice que no es elegible para devolución. ¿Alguna solución?",2
cafe_capsulas,28/05/2020,Las cápsulas tienden a caerse debido a que la parte de abajo no las sostiene bien,2
cafe_grano,28/05/2020,"El molido no es suficientemente fino, el sabor es un poco a tierra y no tiene buena consistencia",2
cafe_molido,29/05/2020,"Super tostado y amargo, no se siente nada del sabor del piloncillo o la canela.",2
cafe_soluble,01/06/2020,"Por el precio que salio la compra minima de 2 cafes, hubiera comprado 1/3 mas en el super. Definitivamente me hizo falta mas revisar la relacion cantidad precio. Pague mas caro el cafe solo por no ir al super, lo cual no vale la pena porque de por si tengo que salir por otro tipo de comestibles.",2
cafe_soluble,05/06/2020,"Es un café que en relación precio calidad, es simplemente barato, sin olor a un buen café, sabor ligero y poca acidez, puedo decir que es pasable pero no excelente.",2
cafe_capsulas,08/06/2020,"El café es de excelente sabor, pero coincido con las demás reseñas de que no es para nada compatible con las cafeteras de Nesspreso, pareciera que si lo son por su forma pero al momento de hacerlo se tira el agua en el deposito donde se van las cápsulas ya utilizadas.",2
cafe_capsulas,09/06/2020,"El sabor no tiene nada que ver con el nombre del producto, ni naranja ni chocolate, nunca supimos el sabor",2
cafe_grano,09/06/2020,Al abrir la caja el empaque del café está abierto mezclaron el café con productos de limpieza.,2
cafe_soluble,10/06/2020,"Muy bonita su presentación, pero me dejo mucho que desear, su sabor es malo, nada que ver con el de su cafetería",2
cafe_molido,10/06/2020,"Comencé a comprar este café el año pasado y la calidad era muy buena.
En la última compra, el tamaño del grano es mucho menor y el tostado muy malo.
Parece otro café totalmente diferente, de baja calidad, muy diferente del original que vendían el año pasado y hasta hace unos meses atrás.",2
cafe_molido,13/06/2020,No le agrado el sabor. Demasiado fuerte y amargo.,2
cafe_capsulas,14/06/2020,"No sirven estas cápsulas en mi cafetera Nespresso
Yo creo que están defectuosos porque se tira el café antes de salir a la tasa
En fin, buen sabor pero de qué sirve comprar si no puedo disfrutar ?
Ojo, el café bola de oro siempre me ha gustado, me quejo de la cápsula defectuosa",2
cafe_soluble,21/06/2020,No me gusto sabe a tester choice,2
cafe_capsulas,23/06/2020,He comprado varias veces el producto y cada vez vienen mal las cápsulas por lo que no se perforan y más de la mitad de cada caja no funciona,2
cafe_molido,23/06/2020,Buen sabor y cuerpo... error no fijarme en el molido regular no apto para café expreso,2
cafe_grano,26/06/2020,"El café no es malo, ni de mala calidad, a mi personalmente no me gusto tanto y se me hace elevado el precio, he comprado mejores cafés por mejores precios. Pero es por cuestiones personales.",2
cafe_capsulas,28/06/2020,"Luce muy bien. Excelente diseño visualmente. Pero tiene un gran defecto, el ancho de los rieles que guían las cápsulas es demasiado grande, y al tomar una cápsula se salen del riel",2
cafe_capsulas,01/07/2020,"Esta muy bueno pero es muy caro a comparación del capuchino normal de dolce gusto
No se dejen engañar,vienen 12 cápsulas pero solamente sirve para 6 cafés",2
cafe_molido,01/07/2020,el sabor no es lo que esperaba.  el empaque es lo mejor.,2
cafe_molido,01/07/2020,No tiene gran sabor,2
cafe_capsulas,02/07/2020,"El problema es que mandaron la caja de las cápsulas en un sobre, de tal manera que la caja estaba desarmada y las cápsulas regadas en él. Sería mejor que las enviaran en un empaque más resistente.",2
cafe_grano,02/07/2020,"Café tostado muy oscuro (casi quemado), tantk así que sus  granos han desprendido sus aceites rápidamente o no estaba nada fresco.",2
cafe_grano,04/07/2020,"Es demasiado ligero para mi gusto, aunque no está mal.",2
cafe_capsulas,05/05/2016,"deberian de especificar mas el tamaño de estas capsulas, solamente gaste y ahi las tengo ya que no es del tamaño de mi maquina de nescafe y compre dos botes",1
cafe_capsulas,02/08/2016,"El cafe tiene buen sabor sin embargo lás cápsulas no sirven, si tienes suerte tendrás 2 o 3 cápsulas que funcionen bien, pero de un paquete la gran mayoría no sirven, al principio el cafe sale bien, pero a menos de la mitad de la tasa el agua se empieza a salir por el orificio superior que se hace en la cápusula para que entre el agua, primero pensé que mi máquina ya no servía pero probé con una cápsula original y funcionó perfecto así que estas cápsulas son de muy mala calidad (eso nunca me había pasado con las originales), y aunque son un poco más baratas, al final se desperdicia muchísimo y termina saliendo más caro...no las compres, no vale la pena...",1
cafe_capsulas,25/08/2016,"Las cápsulas de ""express descafeinado"" ofrecen mucha resistencia a la cafetera, llegando al grado de salir sólo algunas gotas. No pienso comprarlas nuevamente por temor a que la cafetera sufra un desperfecto.",1
cafe_capsulas,19/09/2016,"Si les gusta el cafe expresso, no compren esto. Si bien es economico y el precio por cafe es de aprox 5 pesos la calidad es igual, de 5 pesos.",1
cafe_capsulas,05/10/2016,"Primero aclaro que el problema es principalmente con las capsulas de DESCAFEINADO.

Compre una cafetera para regalar y las capsulas para mi, y quede muy decepcionado de las capsulas. En general el café es de menor calidad que la mayoría de nespresso, dicho esto, no es malo.

El problema es que las capsulas fallan mucho, en 2 de cada 10 la cafetera tiene problemas con la capsula, sale muy poco café muy lentamente, se escucha la bomba forzándose y se detiene. Este problema es aun peor con las descafeinadas ya que con todas pasa esto, estas tienen una cubierta preperforada de plástico (no de aluminio como las otras) y la maquina no la perfora, el problema es que los orificios que tiene no son suficientes, una solución es hacerlos mas grandes, de esta forma la maquina no se detiene y puedes tener tu taza de café pero hacer esto con cada capsula no es muy practico.",1
cafe_capsulas,26/12/2016,"Hola, he comprado varias cajas de café punta del cielo para la maquina dolce gusto y las ultimas dos han tenido el mismo problema, el agua se tira por todos lados como si la capsula no embonara bien en la maquina, el problema son las capsulas porque al usar unas de la marca nescafe no pasa lo mismo, todavía tengo una caja llena de capsulas que no sirven!",1
cafe_capsulas,26/01/2017,no sirven. ni para nespresso ni dolce gusto. mal diseñadas y ocasionan que el agua caliente se derrame por dentro de la cafetera.,1
cafe_capsulas,06/02/2017,"No dudo que este café es delicioso, sin embargo, al parecer no es compatible con todas las cafeteras. Yo tengo una Piccolo y simplemente no funciona, sale el agua caliente únicamente.

Por favor, comenten si tienen otros modelos donde no les ha funcionado para alertar a los compradores potenciales.",1
cafe_capsulas,21/02/2017,"El café llega al cliente en malas condiciones. Con esto me refiero a que si alguna vez fue un buen café, a ti te llega sin aroma, viejo y con un sabor que dista mucho de ser el de un buen espresso.

No recomiendo que gastes tu dinero en este producto, muy diferente a la calidad del cafe de una capsula de nespresso; y no me estoy refiriendo al precio.",1
cafe_capsulas,30/03/2017,SO I WILL HAVE TO RETURN BOTH THEM AND THE MACHINE UNFORTUNATELY - THINK IT MUST BE MY FAULT BECAUSE I DID NOT SEE IT NOTED THAT THEY WOULD NOT FIT IN THE CAFETERA NESPRESSO LATTISSIMA TOUCH,1
cafe_capsulas,30/03/2017,THERE IS NOTHING WRONG WITH THIS BUT THE CAPSULES DO NOT WORK IN THE NESPRESSO MACHINE AND I AM RETURNING BOTH CAPSULES AND MACHINE SO DO NOT NEED THIS EITHER,1
cafe_capsulas,31/03/2017,"No es del todo compatible con mi maquina nespresso (lattissima) al momento de insertar la capsula y querer cerrar el compartimento la capsula se atora y no deja cerrar la palanca hay que buscarle un angulo raro para que cierre, ademas, el cafe sabe muy feo, lo supera facilmente cualquier soluble en polvo, las deje abandonadas en la cocineta de la oficina a ver quien se las toma.

UPDATE: Ya rompio la palanca de una maquina Pixie de un compañero, no se arriesguen, mejor compren originales",1
cafe_capsulas,12/06/2017,"La cápsula se ajusta muy bien, pero el café (los tres tipos de espresso que comprè) son demasiado suaves. Una mala compra aunque sea Punta del Cielo. No los volveré a comprar.",1
cafe_capsulas,05/07/2017,"Como no había en existencia Café punta del cielo, decidi probar este, y una taza fue suficiente para decir que jamas volvere a comprarlo de nuevo.",1
cafe_capsulas,25/08/2017,"Defecto, se sale el café por las orillas, la primera caja que abrí venían defectuodos. No sucede con otras marcad",1
cafe_capsulas,26/10/2017,"El producto tiene un acabado real muy ""plástico"" además la gaveta cerrada en la fotografía aparece sin bordes, cuando la real tiene un espacio de más de un centímetro entre cajón y tapa. Cualquier bicho puede meterse en ese espacio (ver fotografía adjunta). Pareciera que el cajón corresponde a un modelo de menor tamaño. No lo recomiendo",1
cafe_capsulas,16/11/2017,"Lo compre con una expectativa diferente, a ningún miembro de la familia nos gusto tengo las capsulas guardadas porque nadie las quiere.",1
cafe_capsulas,04/12/2017,"Las cápsulas son de muy mala calidad, el agua se concentra en la cápsula y no baja correctamente a a la taza, lo que ocasiona que se tire agua por debajo de la cafetera. No la compren.",1
cafe_capsulas,06/12/2017,"El café no es expresso y tiene un sabor muy tenue. Presumo que se debe a que el agua no pasa bien por la cápsula.
Muy mal producto, no lo compren.",1
cafe_capsulas,25/01/2018,"Aunque son compatibles, su sabor no es precissamente agradable, me gusto mucho más el de sabor Moka de la misma marca.",1
cafe_capsulas,14/03/2018,No son compatibles con nespresso muchas capsulas no han funcionado y compre 6 paquetes no son recomendables aun así las qué han funcionado tiene buen sabor,1
cafe_capsulas,15/04/2018,"Dolce gusto no quedan bien las cápsulas, quedan “bailando” y no cumplen con la función de tener orden. Llegó raspada de la agarradera del
Cajón y es de plástico pensé que era metálica. Hice la devolución",1
cafe_grano,28/08/2018,Pide sabor avellana... pero llego café tostado !,1
cafe_molido,28/08/2018,Pide sabor avellana... pero llego café tostado !,1
cafe_capsulas,15/09/2018,"No sirve con las máquinas nuevas de nespresso. No abre bien la cápsula y sale pura agua. El plástico de la cápsula se ve de mala calidad, corriente.",1
cafe_soluble,17/09/2018,"Mal sabor, no vale la pena es como si hubiera comprado cualquier cafe economico y ademas en la foto se ve, es toda la informacion de ""contacto"". Uno supone que al estar respaldado por el jugador de Futbol seria un producto de calidad. Pero mentira. No se puede devolver al ser un producto alimenticio y en general mala experiencia de cafe y no se ve la fecha ni lote por ningun lado",1
cafe_capsulas,19/09/2018,No era suficientemente el tamaño que necesito.  El sabor del café es rico pero no me valeo haber comprado.,1
cafe_grano,23/09/2018,"Es una real porquería más parece garbanzo pintado que café, se obtiene un café aguado e insípido tanto en cafetera de goteo como express",1
cafe_capsulas,26/09/2018,"Los materiales de las cápsulas no funcionan con las maquinas nesspresso.  El aluminio que tiene la cápsula no se perfora fácilmente por la maquina y el café sale muy aguado. Solo una vez sí funcionó bien una cápsula, y el café tenía buen sabor.",1
cafe_capsulas,27/09/2018,Para que sepa bueno el café hay que poner dos cápsulas aparte se doblan en el equipo,1
cafe_capsulas,28/09/2018,Malísimo el sabor del cafe,1
cafe_capsulas,30/09/2018,"no me gusto, el sabor es muy tenue y las capsulas en varias ocaciones explotan al estarle virtiendo el agua en la maquina",1
cafe_grano,04/10/2018,"El cafe en si esta bien, tiene muy buen sabor.  PERO, pedi de sabor, y no solo una vez, pero DOS veces me mandaron cafe normal.  NO LO COMPRES, NO ES DE SABOR.",1
cafe_molido,04/10/2018,"El cafe en si esta bien, tiene muy buen sabor.  PERO, pedi de sabor, y no solo una vez, pero DOS veces me mandaron cafe normal.  NO LO COMPRES, NO ES DE SABOR.",1
cafe_grano,09/10/2018,"Si buscas cafe de sabor, este NO ES.  Es cafe normal.",1
cafe_molido,09/10/2018,"Si buscas cafe de sabor, este NO ES.  Es cafe normal.",1
cafe_capsulas,14/10/2018,"La cápsula y el recubrimiento de papel metálico se ven chafones, el café parece americano, no hace espuma y el sabor es muy leve. No me gustó",1
cafe_capsulas,19/10/2018,"Recibir en tiempo prometido el paquete es bueno, el sistema de entrega cumple con lo ofrecido. Las cápsulas NO vuelvo a realizar compra de esta marca, el sabor no cumple con mis experiencias previas con las cápsulas originales. Son una réplica de baja calidad, además que al momento de entrar el agua a la cápsula, está fuga casi el50%. Cero estrellas de calificación.",1
cafe_capsulas,28/10/2018,Poco aroma y mal sabor,1
cafe_capsulas,28/10/2018,"Precio similar a nespresso y no me gustó el sabor, mucho aroma en el sobre y nada una vez preparado",1
cafe_grano,30/10/2018,"El café que me entregaron no es de grano, es café molido y no fue lo que pedí",1
cafe_molido,11/11/2018,Que importa la calidad o el sabor si lo pides y no lo envian,1
cafe_capsulas,15/11/2018,"El producto es muy bueno, pero no lo volveria a comprar aquí, 40 capsulas compra minima, Pesima idea. Me gusta comprar de diferentes tipos una lata de cada una, con la compra minima, volvere a comprarlo en Superama",1
cafe_capsulas,21/11/2018,NO ERA LO QUE ESPERABA,1
cafe_capsulas,02/12/2018,El café no están malo pero una caja me llego con 9 cápsulas en lugar de 10,1
cafe_capsulas,08/12/2018,"Las cápsulas son mas pequeñas que las que se usan normalmente en el espacio para colocarlas y empiece el proceso de elaboración del café, y por lo tanto no se pueden usar. Desconozco para que tipo de cafetera están fabricados. Tengan cuidado y evítense sorpresas.",1
cafe_grano,24/12/2018,Multipremiado?  Na!!!  Ni se molesten,1
cafe_grano,24/12/2018,"Quizas el café no era malo. Pero eso es algo que nunca sabré. Al abrirlo el cafe tenia un aspecto a seco, viejo y un aroma como de que habia absorbido algun olor de donde estuvo guardado.",1
cafe_molido,02/01/2019,Huele muy bien el café pero la bolsa llego rota y no hay devoluciones / reemplazo,1
cafe_capsulas,15/01/2019,"No funcionan bien las cápsulas, o el tamaño no es el correcto o están caducas. La máquina no fue capaz de romper el sello y vertió café.

Use una cápsula original Nespresso después y funcionó perfectamente así que no es un problema de la máquina, intente con tres cápsula de Davidoff u ninguna funciono.",1
cafe_capsulas,15/01/2019,No sabe a nada. ¡Horrible!,1
cafe_capsulas,25/01/2019,"El cafe sale muy aguado, la verdad no lo recomiendo. no saca espuma como los de nesspresso.",1
cafe_capsulas,28/01/2019,No he recibido el producto,1
cafe_capsulas,03/02/2019,"El café se supone q es intenso, está súper suave, pareciera q estás volviendo a usar cualquier otra cápsula de otra marca por segunda vez. Además salen súper defectuosos, o vienen tapadas y no sale nada de café o cabe en la cafetera con problemas. Una basura.",1
cafe_soluble,18/02/2019,"Llegó con el frasco roto, obviamente no lo voy a a consumir así, podría morir. Deberían tomar en cuenta el paquete en que lo envían. Directo a la basura",1
cafe_capsulas,20/02/2019,"Mal producto, no saca un espresso real. Sale muy diluido.",1
cafe_capsulas,22/02/2019,"Las capsulas son muy chicas, no forman sello y tiran agua por todo lado.",1
cafe_capsulas,25/02/2019,"Muuuy malo. Sobre todo si estas acostumbrado al nespresso, bastante inferior al punta del cielo que es más cercano a la calidad de el original que. Por cierto no se por que ya no lo venden por esta plataforma, un color muy deslavado, cero espuma. Ninguna crema ni cuerpo y cualquier endulzante anula el sabor por completo. Lástima por que es un producto Mexicano y no Logra la calidad requerida",1
cafe_capsulas,01/03/2019,Mala calidad ....no lo vuelvo a comprar ...,1
cafe_soluble,19/03/2019,"Compré 2 frascos, uno lo recibí incompleto (menos de 2/3 partes del frasco), a pesar de que ambos estaban sellados con el plástico de garantía y este no presentaba daños. Otra razón por la que devolveré el producto es porque ambos frascos presentan diferente tonalidad del producto (café soluble) y por otro lado, ambos frascos están caducados y presentan el mismo lote en la etiqueta.",1
cafe_soluble,23/03/2019,El frasco llego quebrado,1
cafe_grano,28/03/2019,"ME PARECE INCORRECTO QUE VENDAN UN CAFE QUE TIENE UNA CALCOMANIA CON CADUDIDAD DEL 2019 SOBRE LA ORIGINAL QUE DICE EL 2018, ESO NO SE VALE DEBERIAN ADVERTIR A LOS COMPRADORES DE LA ESTAFA QUE ESTAN HACIENDO",1
cafe_soluble,09/04/2019,Sabor muy dulce y requiere usar mas que otras marcas,1
cafe_soluble,26/04/2019,los frascos llegaron rotos y sin sello,1
cafe_soluble,10/05/2019,llegan caducados lastima de café,1
cafe_capsulas,18/05/2019,Son más chicas y no son compartibles con la máquina de Nespresso,1
cafe_soluble,01/06/2019,El producto llegó roto y no quisieron hacer cambio ??,1
cafe_capsulas,02/06/2019,"El café es bastante malo, ni aroma ni cremoso",1
cafe_soluble,02/06/2019,"El producto se irá directo a la basura, lo entregaron con la fecha de caducidad vencida por mas de 3 meses",1
cafe_capsulas,06/06/2019,Muy mal café con pésimo sabor y calidad,1
cafe_soluble,17/06/2019,Dice que es soluble pero es molido,1
cafe_soluble,18/06/2019,El producto que encarge los 4 frascos de café venían completamente rotos,1
cafe_grano,18/06/2019,"Creo califica como producto engaño . Finca ( Vera ) , ( cruz )
 En el exterior del empaque no se nota la separación Vera - cruz",1
cafe_capsulas,19/06/2019,"Compatible con Nespresso peroni de lejos logra el sabor, la crema ni el aroma.",1
cafe_capsulas,30/06/2019,Pésimo cafe,1
cafe_capsulas,01/07/2019,"No resalta el sabor del café.
No queda del tamaño de las máquinas.",1
cafe_soluble,02/07/2019,"Llega en muy mal estado, el frasco quebrado. Aparte no hay devolución.",1
cafe_molido,06/07/2019,"Exquisito sabor a quemado, contraten un buen barista, que si sepa tostar el grano. NO LO COMPREN, no vale la pena.",1
cafe_capsulas,11/07/2019,NO SON COMPATIBLES CON CAFETERAS NESCAFE,1
cafe_soluble,11/07/2019,No comprar este producto porque se lo entregarán asi,1
cafe_capsulas,13/07/2019,No sirven en la Nespresso malísima compra,1
cafe_capsulas,18/07/2019,Realmente no cumplió con mis expectativas! No huelen y su sabor es pobre!,1
cafe_soluble,18/07/2019,"El café es muy bueno, sin embargo los métodos de empaque de Amazon, dejan mucho que desear (el frasco llegó roto).",1
cafe_soluble,18/07/2019,"Es un café con aromas bastantes ligeros, que cuando se mezcla con agua pierde totalmente ese aroma. Su sabor es amargo pero da la impresión de que ese sabor sea por quemar azúcar y revolverlo. No se asemeja al que venden en el restaurante. Afortunadamente compre uno pequeño para probar.",1
cafe_soluble,18/07/2019,"EVITEN COMPRAR ÉSTE TIPO DE PRODUCTOS QUE BIEN LOS PUEDEN CONSEGUIR EN UN SUPERMERCADO, AMAZON PIERDE, DAÑA Y EXTRAVÍA LOS ENVÍOS Y A PESAR DE ESO LOS MARCA COMO ""ENTREGADOS"". FUE MUY DIFICIL RECUPERAR MI DINERO POR QUE ESTABA MARCADO COMO ENTREGADO CUANDO NO FUE ASI...

SE PIDE LA REPOSICIÓN Y MAS DE 5 HORAS EN UN CHAT POR QUE TODAVÍA NO AUTORIZAN, INEPTITUD, TORPEZA Y FALTA DE PROFESIONALISMO EN ENTREGAS TAN TONTAS COMO UN CAFÉ, ATÚN, PASTA DENTAL, JABONES ETC. UNA VERDADERA PÉRDIDA DE TIEMPO. PÉSIMO AMAZON EVITEN COMPRAR SU DESPENSA AQUI. !!",1
cafe_soluble,19/07/2019,"Una estrella porque compre 4 y llego 1 roto y por la política de devolución pues ya me quede con 3!
Mal manejo de paquete a pesar de traer etiqueta de ""fragil""",1
cafe_capsulas,20/07/2019,Los compré para una cafetera que compré en Amazon y No funciono. Pero las convenientes políticas de devolución de amazon no me permitieron devolver las cápsulas que ahora no me sirven de NADA,1
cafe_soluble,20/07/2019,El frasco llego quebrado.,1
cafe_capsulas,22/07/2019,el producto llego caducado,1
cafe_soluble,22/07/2019,"Evitaría comprar varios productos de vidrio , ya que se estrellan , compré este producto y llegó roto 1 frasco .
Sol compren latas a esas no le pasan nada ??
También compré aceites y me llegaron golpeados y a uno se le salío poco aceite .
Cabe mencionar que me llegaron estos productos 3n paquetes separados",1
cafe_soluble,23/07/2019,a la hora que abrí mi paquete me di cuenta que se había roto y se cayó todo el café,1
cafe_soluble,23/07/2019,El frasco me llegó todo roto de un lateral y no me permite devolverlo.,1
cafe_soluble,27/07/2019,"Pésima la logistica de envíos, el producto está roto y no hay devolución.",1
cafe_molido,27/07/2019,"LA IMAGEN SUGIERE QUE ADQUIRÍ UNA BOLSA DE 1 KGR. Y UNA BOLSA DE 500 GRAMOS,TRISTE DECEPCIÓN,PORQUE NO ES ASÍ Y POR LO MISMO RESULTA CARO EL PRODUCTO,HAY QUE SER MAS ESPECIFICO CON LAS IMÁGENES POR FAVOR",1
cafe_soluble,31/07/2019,fecha de caducidad muy próxima,1
cafe_molido,01/08/2019,"Confunde dice soluble pero es café de olla, granulado y se tiene que colar",1
cafe_molido,02/08/2019,"El café salió muy malo. Huele mal y sabe peor. No se dejen llevar por el hecho de que sea Amazon Choice. A nadie de mi familia le gustó. Incluso, nos enfermó del estómago y tuvimos que pasar un rato en el baño (nada agradable). Estoy pensando si ir a la procuraduría del Consumidor o a Salubridad, de lo raro que está. Además, no hay devoluciones y, por ello, voy a perder mi dinero. El producto resultó ser un fraude. Recomiendo comprar el café directamente en una tienda, no por internet, porque así se sabe lo que se compra y por Amazon no permiten devoluciones, aunque se pague la membresía Prime.",1
cafe_capsulas,03/08/2019,Parece café quemado,1
cafe_soluble,05/08/2019,Que procede cuando llegan rotos los frascos??,1
cafe_soluble,06/08/2019,"Creo que para mandar productos en envase de vidrio se debería de proteger con algún tipo de plastico para evitar este tipo de accidentes, muy mal ahí.",1
cafe_capsulas,08/08/2019,"En relación al precio es bueno pero mejorable el material, las cápsulas bailan en los compartimentos",1
cafe_soluble,09/08/2019,"Me entregaron el frasco hecho pedazos. Mi hijo por poco se corta, al sacarlo del empaque en el que venia cayeron los pedazos de vidrio por todas partes. Un fiasco total, ni siquiera pude probar el producto.",1
cafe_soluble,11/08/2019,Llegaron rotos los frascos,1
cafe_molido,11/08/2019,"La descripción es incorrecta, no es café soluble, es de grano molido",1
cafe_molido,11/08/2019,"No sabe bien. Muy ácido, poco aroma a café intenso. No sé si sea por el almacenamiento que tienen porque en teoría es un buen café.",1
cafe_soluble,13/08/2019,Tenia muchas expectativas; solo es endulzante sabor a piloncillo y canela; por lo consiguiente no ofrece un sabor a Café de Olla.,1
cafe_molido,15/08/2019,"El café no es soluble como lo anuncian,  es café de grano",1
cafe_capsulas,18/08/2019,"La verdad qué puedo decir, este es el café en cápsulas para Nespresso más desabrido que he probado.",1
cafe_soluble,20/08/2019,Sabor,1
cafe_soluble,23/08/2019,"Al igual que otras opiniones, deberían de reconsiderar la manera de empaquetado del envase, pues en mi caso también me llegó roto porque fue enviado en un sobre sin la minima protección. Intentare hacer el reembolso.
Edit: Ya vi y de acuerdo a las políticas de reembolso, no es posible realizarse en este producto. Me arriesgué y perdí 52 pesos, no recomendaría comprarlo por este medio.
Edit2: Me puse en contacto con el servicio a cliente y si me reembolsaron el pedido. Quedó resuelto.",1
cafe_capsulas,25/08/2019,"Lamentablemente adquirí estas cápsulas y tiene un muy mal sabor, es una lástima ya que no importa que tan baratas o caras estén, son desagradables. Ahorren el mal rato",1
cafe_soluble,25/08/2019,"caduca en menos de un mes, mala compra",1
cafe_grano,28/08/2019,"No me gustó que cuando lo compré no decía que venía en grano.. pero a mi me gusta el café intenso, estoy más acostumbrada a los cafés que saben a café y que pintan de café. De esos que pones en cafetera y la casa huele delicioso. Para lo que tomamos de café, éste nos queda como agua de calcetín. tuvimos que ponerle 3 veces lo que normalmente ponemos, y aun asi el sabor no es bueno, no es la gran cosa, queda como terroso.. quiero recalcar que llevo 20 años bebiendo café, y pues si les gusta aguadón pues van...",1
cafe_soluble,29/08/2019,Es mi café favorito pero dejaron de surtir lo en el super. Este tiene la etiqueta diferente y nada de aroma. No se si sea clon,1
cafe_molido,01/09/2019,"Es la primera vez que me pasa esto pero mi pedido debió de haber llegado hace más de una semana y no ha llegado. Lo peor de todo es que no me contestan los correos que les mando.

Tengan cuidado de comprar con este proveedor para que no les paso lo mismo.",1
cafe_molido,08/09/2019,El producto no llegó y no responden a los correos...,1
cafe_soluble,12/09/2019,"La primera vez que me llego , excelentemente empacado y el frasco sellado ; la última ocasión el frasco bien empaquetado, sin embargo el frasco su sello de fábrica abierto con evidencia de sustracción del producto en una porción pequeña , pero al tratarse de un alimento es inapropiado enviarlo sin su sello de origen .",1
cafe_molido,14/09/2019,"Me llegó el 12 de septiembre y caduca en octubre de 2019 ya no sabe igual el café, es un robo. Normalmente uno compra café empaquetado y tiene al menos 4 meses antes de caducar.",1
cafe_grano,15/09/2019,café medio ácido.  no de buen gusto.,1
cafe_capsulas,19/09/2019,No son de la medida de las máquinas de Nespresso y es muy complicado preparar el cafe ya que se caen al contenedor sin haberlo usado!!,1
cafe_soluble,19/09/2019,"Llego todo roto, me llego la bolsa con todo el café regado por dentro y cristales saliendo de la bolsa.",1
cafe_capsulas,04/10/2019,nada,1
cafe_soluble,04/10/2019,"No se supone que si compro 4 me deben llegar 6 por la promoción de 3x2?
Solo recibí 4 unidades.",1
cafe_grano,05/10/2019,"No me gustó porque llegó con un tostado muy disparejo, había granos claros y otros muy tostados. Mala calidad.",1
cafe_soluble,06/10/2019,"Cambio muchísimo el sabor.
No es sabroso, incluso el olor del café es diferente al que probé la primera vez.",1
cafe_soluble,06/10/2019,Compre tres piezas y una venía abierta sin el sello de calidad. Amazon no me permitió la devolución.,1
cafe_grano,06/10/2019,Increíble que lo vendan a más de doble que en la tienda!!!,1
cafe_grano,07/10/2019,"Lo compré por el tostado oscuro para mis espressos diarios pero el tostado no llegaba ni a medio, más claros los granos que los que usamos para americano. Lo pude haber regresado por el fraude pero mi esposa se quiso quedar con él para sus americanos. Jamás lo volveré a comprar.",1
cafe_molido,07/10/2019,"Lo compré por el tostado oscuro para mis espressos diarios pero el tostado no llegaba ni a medio, más claros los granos que los que usamos para americano. Lo pude haber regresado por el fraude pero mi esposa se quiso quedar con él para sus americanos. Jamás lo volveré a comprar.",1
cafe_soluble,08/10/2019,No es tan bueno,1
cafe_grano,15/10/2019,"El café llegó en la bolsa cerrada, sin embargo parece como si fuera un café muy viejo, no tiene absolutamente nada de aroma, ni siquiera huele a café. El sabor igual, no sabe a nada....",1
cafe_molido,17/10/2019,EN  LA DESCRIPCIÓN DECÍA MOLIDO,1
cafe_soluble,18/10/2019,El sabor es bueno y hasta ahí.  Pero mi mala calificación es por e empaque.  NADA para tico ya que e café viene súper pulverizado y es imposible poder medir las cucharadas con esa salida del empaque.,1
cafe_soluble,20/10/2019,llegó roto hecho pedazos a quien se le ocurre mandar un frasco de vidrio en una bolsa de papel sin protección,1
cafe_capsulas,22/10/2019,"La calidad del café deja mucho que desear y adicional a esto las cápsulas son de un material que no facilita el ser prensadas por las máquinas, yo tengo dos modelos diferentes y en ninguno de ellos se facilitó el uso.",1
cafe_capsulas,27/10/2019,No tiene buen sabor es necesario poner 2 cápsulas y además se atoran en la maquina,1
cafe_molido,30/10/2019,"Necesitan meter versión en café de grano entero! Ya que los que lo hacemos en máquina necesitamos el molido especial y a nuestro gusto, espero y tomen en cuenta mi opinión, gracias",1
cafe_capsulas,01/11/2019,"Pedí y pagué 3 paquetes y sólo me llegó 1,qué puedo hacer",1
cafe_soluble,01/11/2019,"El café no es malo, pero me encontré con dos pedazos de vidrio en el contenido. Adjunto foto de uno de ellos. El otro me lo tope en la taza y lo tire. No imaginé que viniera del café hasta hoy que me puse a buscarle por que me dió pendiente saber cómo había llegado un vidrio a mi taza. :/",1
cafe_soluble,01/11/2019,No tiene nada que ver el producto que viene en la foto y pedí con el que me llegó. Solicitó la devolución ya que no es,1
cafe_capsulas,03/11/2019,"Me enviaron un producto que no era el que yo habia pedido y no hay devolución
Habia solicitado el intenso y me llegó el clasico",1
cafe_molido,04/11/2019,La bolsa llegó abierta con el café regado en la caja y no aplica devolución. Mi dinero se fue a la basura.,1
cafe_grano,06/11/2019,"La bolsa que me llego ya no tenia buen aroma,  ya no hice el intento de prepararlo.

Tiene una fecha del 24 de Julio del 2019, si el la fecha de tostado ya tiene mucho tiempo,  ya es café muerto.

Si el café estuviera fresco ha de saber muy bueno sienso de Coatepec.  que manera de perder in cliente enviando café viejo.

Lastima,  no volvere a comprar de este café.",1
cafe_soluble,09/11/2019,No se porque ofrecen un producto si entregan uno que no corresponde. Pesimo,1
cafe_grano,10/11/2019,Muy mal producto,1
cafe_capsulas,12/11/2019,No es el de la foto,1
cafe_soluble,12/11/2019,Pésimo llegó echo pedazos!!! Es la segunda vez no vuelvo a comprar,1
cafe_soluble,16/11/2019,Nunca llego a mi casa.,1
cafe_soluble,20/11/2019,"Es café soluble con caramelo sabor canela y piloncillo, optaré por el proceso tradicional para un café de olla. Ansío que la fórmula vaya mejorando para poder acceder a un café de olla más rápido.",1
cafe_soluble,21/11/2019,"Mi pedido incluye 4 frascos, ninguno venia protegido con plastico o carton. Uno de los frascos esta desfondado y perdí todo el contenido de un frasco.",1
cafe_soluble,21/11/2019,No llego pedi reembolso,1
cafe_molido,21/11/2019,"Es insoluble… ??
Alguien debería corregir la descripción.",1
cafe_soluble,23/11/2019,"Su sabor es igual a un cafe comun frio , no es una infusión buena, caro y malo jamas lo volvería a comprar , el solo tomarlo redujo mi esperanza de vida a la mitad",1
cafe_soluble,24/11/2019,"El café de la parroquia es uno de los mejores a nivel mundial, tanto el café servido en los restaurantes como el molido vendido en supermercados. Sin embargo el café soluble deja mucho que desear, no tiene la misma intensidad de sabor ni de olor. Deben trabajar más en sus procesos para hacerlo soluble de muy buena calidad.",1
cafe_molido,25/11/2019,Mi cafetera es solo de grano y lo tuve que regalar.,1
cafe_soluble,26/11/2019,"Quise comprar el proucto de la foto, pero me llego otro, y ahora no puedo hacer la devoluvion porque el produto no es elegible. NO LO COMPREN ESTE PRODUCTO!!!! ES UNA ESTAFA.",1
cafe_molido,27/11/2019,Se anuncia como soluble y es de cafetera!,1
cafe_molido,01/12/2019,"¡No es soluble, es para cafetera!",1
cafe_capsulas,05/12/2019,Me desilusioné porque no sirven bien.  Contienen muy poco café. No lo recomiendo.,1
cafe_grano,05/12/2019,Enviaron dos paquetes de cafe en grano y 2 paquetes de cafe molido. La compra fue por cafe en grano resulta que el producto no es posible regresarlo pero en realidad enviaron algo diferente a lo comprado,1
cafe_molido,08/12/2019,"Recibes la calidad que pagaste, grano pequeño con poco sabor. Traía una piedra entre los granos y casi estropeo mi moledora manual.",1
cafe_soluble,12/12/2019,"Soy fanatico del cafe de olla, este cafe lo prepare como dice 150 ml de agua caliente y una cucharadita de cafe y resulto algo muy desagradable, lo intente tres veces con diferentes medidas de cafe y el resultado siempre fue el mismo, muy desagradable el sabor, no lo recomiendo para nada.",1
cafe_molido,12/12/2019,¿Que no sería más práctico venderlo SIN moler?,1
cafe_soluble,22/12/2019,"No me gusto el sabor, de cremoso no tiene nada, queda muy aguado, se le tiene que poner mucho mas de lo que dice en las indicaciones para que tenga un poco de sabor pero por mas que se le ponga queda muy aguado. No me gusto absolutamente nada",1
cafe_soluble,23/12/2019,El articulo es una porqueria en verdad no se por que permiten que amazon venda estos productos,1
cafe_molido,26/12/2019,"No me llegó este producto, en el pedido solicite varios artículos, pero este no venía",1
cafe_grano,28/12/2019,Feo café no es lo que esperaba para ser organico,1
cafe_grano,28/12/2019,Insatisfecha con su sabor su precio y para ser orgánico nada que ver con lo que dicen,1
cafe_molido,28/12/2019,No a mi gusto para su precio y orgánico si sabor no me agrado,1
cafe_soluble,01/01/2020,No me llegó,1
cafe_capsulas,09/01/2020,No es lo que compre,1
cafe_molido,09/01/2020,El café sabe a otra agua,1
cafe_capsulas,13/01/2020,LITERAL...¡ Sabe a agua de calcetín! Sabe a café rebajado.,1
cafe_capsulas,13/01/2020,"Pésimo , llego antes de lo esperado pero el sabor ¡horrible!
NO lo compren",1
cafe_capsulas,15/01/2020,El café es muy aguado y sin sabor. Las capsulas son muy duras y a veces no se perforan correctamente así que sólo sale agua. No volveré a comprar este producto.,1
cafe_soluble,19/01/2020,La fecha de caducidad ya estaba vencida,1
cafe_soluble,20/01/2020,Llegó en malas condiciones... no me permite devolución,1
cafe_soluble,21/01/2020,"No me ha llegado aún y no me deja cancelar ya que la página dice que perderé beneficios y descuentos ya obtenidos.

Que puedo hacer si el vendedor aun me tiene en espera?.",1
cafe_soluble,23/01/2020,"El producto estaba en promoción, pero hubiera preferido pagar su precio normal, ya que lo que llegó estaba pronto a caducar, tenía un aroma a humedad y no estaba en condiciones de ser consumido, desaforadamente se tuvo que desechar.",1
cafe_soluble,24/01/2020,"Producto solicitado , ya paso la fecha estimada , aún no lo recibo y no tengo ninguna notificación explicando porque no llega.",1
cafe_soluble,26/01/2020,Que puedo proceder a hacer si solo me llego 2 productos en lugar de las 4 que pedi?,1
cafe_capsulas,27/01/2020,"Las cápsulas no son las estándar para mi cafetera y hasta ahora sé que es lo que quiere decir que “original”.
El problema es que Amazon no acepta que devuelva el producto “por tratarse de alimentos” cuando nunca usé ninguna pues son más pequeñas que el receptáculo de mi cafetera Dolce Gusto.
Lo peor: pedí un segundo envÍo programado para dos meses después y no lo puedo cancelar.",1
cafe_grano,30/01/2020,"Alto el precio para la calidad del producto, no lo vuelvo a comprar!",1
cafe_capsulas,31/01/2020,"Lo tenía que probar para ver si en verdad es tan malo como decían los otros comentarios y efectivamente, es un café bastante malo, muy qguado, definitivamente no lo volveré a comorar. Recomiendo pagar un poco más por las cápsulas originales, no hay comparación en sabor.",1
cafe_capsulas,31/01/2020,Los 30 kcups venian en una caja de cartón.,1
cafe_molido,05/02/2020,"no indica en ninguna parte que es descafeinado, no tiene fecha de caducidad y tampoco los ingredientes.",1
cafe_molido,07/02/2020,"Sin sabor, parece extra descafeinado, por más que lo quiero hacer cargado sale como agua ?? no me gusto...",1
cafe_capsulas,10/02/2020,Mala calidad,1
cafe_capsulas,10/02/2020,"Muy mal café, por mas mínima cantidad de agua que le ponga en la máquina sigue saliendo un café demasiado diluido , las cápsulas son muy duras para ser perforadas por el sistema de Nespresso , la verdad no deberían vender estas cápsulas en Amazon",1
cafe_capsulas,10/02/2020,No me gusto,1
cafe_molido,11/02/2020,Esta muy flojo y con poco sabor.,1
cafe_capsulas,16/02/2020,"No es la misma medida de las capsulas, tal vez produjeron una copia de uno que funcionaba bien pero este queda un grande, pongo las capsulas y las que quedan en la parte superior se caen.",1
cafe_capsulas,20/02/2020,"Muy pobre el sabor final, necesité dos cápsulas para más o menos obtener una bebida decente, lo que al final termina siendo bastante caro comparado con las Nespresso originales!",1
cafe_capsulas,23/02/2020,"No funciona adecuadamente con mi Nespresso,  desperdicia café y el que vierte sobre la taza es muy ligero, intenté devolverlo pero la plataforma no reciben devoluciones de alimentos,  a pesar de estar sellado  de origen el paquete.",1
cafe_molido,23/02/2020,Sin sabor casi pongo todo el paquete y nada sin sabor,1
cafe_molido,23/02/2020,Tiene buena presentación  pero es caro no tiene sabor  ni consistencia y es caro para el mal sabor que tiene,1
cafe_capsulas,27/02/2020,Los cartuchos se rompen al presionarse dentro de la máquina del nespresso.,1
cafe_soluble,02/03/2020,No me gustó es muy pequeño en el súper lo ví a mitad de precio,1
cafe_capsulas,05/03/2020,"MALÍSIMO!!!!!
Como q las cápsulas no están bien hechas xq al ponerlo en mi cafetera solo se le hacen unos ? hoyitos y prácticamente sale pura agua, no sabe nada a café, NADA
Me urge q regresen las de Punta del Cuelo x estas salieron más caras y muy malas :(",1
cafe_capsulas,05/03/2020,"No las compren, no funcionan las cápsulas, parece agua de calcetín",1
cafe_grano,07/03/2020,Me lo mandaron MUY TOSTADO. Muy mal.,1
cafe_soluble,09/03/2020,"No me gustó el sabor de caramelo, cuestión de gustos, el precio bien.",1
cafe_molido,09/03/2020,"No me gusto, sabor más ácido de lo normal y el molido no fue el más idóneo para mi cafetera de expresso",1
cafe_capsulas,11/03/2020,"cuando lo compré, la descripción decía ""50 cápsulas"" (así se establece en mi pedido) pero solo llegaron 10, y al tratar de realizar el reclamo, la descripción del producto ya dice ""10 cápsulas"" y no se aceptan devoluciones.",1
cafe_capsulas,14/03/2020,"He comprado varias marcas de cápsulas compatibles con Nespresso y estas estaban en descuento. Pensé ""qué tengo que perder?""
Eso, $50 pesos y un par de minutos. Probé una y terminé tirando las demás.",1
cafe_capsulas,17/03/2020,Muy feo,1
cafe_soluble,18/03/2020,"El producto llegó quebrado, será porque no está bien empacado y los de la paquetería no tienen cuidado al transportarlo.",1
cafe_molido,18/03/2020,"Envían producto a punto de caducar. El que recibí tiene fecha de caducidad Abril 2020, producido en Marzo 2019.",1
cafe_capsulas,19/03/2020,No le quedan bien a mi cafetera Nespresso tengo la Essenza mini y se atoran las cápsulas e comprado varias marcas y con esta marca es la primera vez que se atoran las cápsulas,1
cafe_soluble,19/03/2020,"Precio elevado para comprar la caja, está mejor la lata de 400 gramos",1
cafe_molido,20/03/2020,La descripción decía en GRANO... y nos llegó molido. Lo queríamos para hacernos un rico café expresó... ????,1
cafe_molido,21/03/2020,"Pésimo, sin sabor, no hace mención alguna del tipo de grano ni el tueste, quise probar por lo q presumen del premio no se que sabor fue . Lo prepare en 3 métodos y el resultado fue el mismo.",1
cafe_capsulas,27/03/2020,"Las medidas y dimensiones del producto están mal diseñadas. Las cápsulas se caen, los carriles estan muy anchos y no sostienen las cápsulas.

Fatal",1
cafe_capsulas,30/03/2020,Muy mal servicio. El café está caduco . Me llegó sin la caja original y el sabor no es el de ml café que pedí. Sabe mal y huele mal . No recomiendo para nada,1
cafe_molido,30/03/2020,Muy malo,1
cafe_capsulas,01/04/2020,No me gusto su sabor ???????,1
cafe_soluble,03/04/2020,"PESIMO SERVICIO, en la imagen se muestra el café con etiqueta roja y me mandaron el VERDE lo peor es que no puedo DEVOLVERLO.  Por favor no compren con este proveedor.",1
cafe_soluble,04/04/2020,"Hola! Buenas tardes!...Me llegó a tiempo, gracias! pero ME LLEGÓ LA PRESENTACIÓN DESCAFEINADA 100 grs. (etiqueta verde) y SOLICITE LA PRESENTACIÓN 100 GRS. NECESITO REGRESARLO, pero me aparece que no lo puedo devolver...Por favor su apoyo...Gracias!",1
cafe_soluble,04/04/2020,"Solicité 3 frascos llegó uno quebrado y no hay devolución en este artículo
Así que compren con cuidado ya que no habrá reembolso",1
cafe_capsulas,06/04/2020,Horrible. Sin sabor y de mala calidad,1
cafe_soluble,06/04/2020,Llego roto,1
cafe_soluble,09/04/2020,"Terrible el empaque, llego quebrado el frasco y imposible rescatar el vafe con tanto vidrio.",1
cafe_molido,10/04/2020,"Me enviaron  un café que no era.
Yo pedí en grano y me llegó molido.",1
cafe_capsulas,11/04/2020,Pedí Intenso Mug y recibí Intenso Alto. No tengo tazas de más de 400ml y no puedo hacer revoluciones,1
cafe_molido,12/04/2020,MUY MAL SERVICIO. LA BOLSA DE CAFÉ LLEGÓ ROTA,1
cafe_soluble,13/04/2020,"Lo pedi el 6 de abril de 2020 y me llego con fecha de caducidad marzo 2020, osea ya caduco",1
cafe_molido,13/04/2020,La bolsa llegó abierta y tirado el café en la caja,1
cafe_grano,14/04/2020,"Al parecer es un café muy viejo ya que a la hora de prepararlo no sabe a nada... literalmente a nada. No veo la fecha de empaquetamiento pero al parecer para cuando esto se hace, el café ya perdió sus propiedades. Tampoco tiene olor.",1
cafe_capsulas,15/04/2020,"NO pedí ALTO INTENSO, pedí INTENSO pero en MUG",1
cafe_capsulas,16/04/2020,"Nadie atiende no llega, no se puede cancelar !!",1
cafe_capsulas,17/04/2020,"La mitad de mi.pedido llegó equivocado.
Yo pedí 30 capsulas vertuo intenso ( intensidad 9) y se me entregaron alto intenso( intensidad 7). Es otra mezcla de café y otro sabor.
Las 30cápsulas stormio, están correctas",1
cafe_soluble,21/04/2020,Desafortunadamente la fecha de caducidad del café es dentro de 8 meses y tiene según la etiqueta 17 meses que salió a la venta. Digo el café esta todavía en buen estado pero no es algo que hubiera comprado de haber sabido,1
cafe_molido,21/04/2020,La bolsa de café llegó abierta/rota. Por eso calificación negativa,1
cafe_capsulas,24/04/2020,"No me mandaron los que vienen ahi, llego uno de hazelnut y unoa organicos que no estan buenos",1
cafe_soluble,25/04/2020,"Llegó con el sello de protección abierto, como si hubieran sacado café.  No hay devolución, del sabor no sé, no lo voy a consumir.",1
cafe_grano,25/04/2020,"No dudo que sea un buen café pero fresco. El que me enviaron se nota claramente que tiene más 6 meses de haberse tostado. Carece de aroma, en tasa es como cualquier café barato, sin sabor, bueno,  sabe a rancio. Lastima que no pueda devolverlo.
 ¡Pésimo!",1
cafe_molido,25/04/2020,"Jamas llego.
Llego una caja con otras cosas que pedí pero este nunca llego y no puedo pedir devolución porque es un perecedero.",1
cafe_molido,25/04/2020,"La vdd no me gusto en absoluto, el sabor es a café diluido en bastante agua y amargo, tuve que hecharle leche y azúcar para arreglarlo un poco.
Definitivamente no lo volveré a comprar",1
cafe_molido,25/04/2020,"No dudo que sea un buen café pero fresco. El que me enviaron se nota claramente que tiene más 6 meses de haberse tostado. Carece de aroma, en tasa es como cualquier café barato, sin sabor, bueno,  sabe a rancio. Lastima que no pueda devolverlo.
 ¡Pésimo!",1
cafe_molido,25/04/2020,"Solicite y me cobraron dos, sin embargo sólo recibí uno.",1
cafe_capsulas,26/04/2020,"Pedi Alto Intenso y me mandaron Vertuo Intenso y no se pueden hacer devoluciones ademas de que me entregaron 1 semana despues, que lastima de servicio",1
cafe_capsulas,29/04/2020,"Café de mala calidad, sin sabor. No vale la pena, ni por el precio.",1
cafe_soluble,02/05/2020,No enviaron el producto que pedi...se supone era descafeinado y recibí el normal,1
cafe_soluble,03/05/2020,No me enviaron el producto correcto,1
cafe_molido,03/05/2020,"No pude prepara café, lo preparaba en cafetera y en percoladora y solo salía agua con color café y nada de sabor",1
cafe_soluble,04/05/2020,Me enviaron el regular no el descafeinado! Hay otros comentarios con el mismo problema y no es posible que no corrijan el error!!!!,1
cafe_capsulas,05/05/2020,Me llegaron capsulas solas sin caja y rotas,1
cafe_soluble,05/05/2020,"No te mandan descafeinado
Te mandan el normal",1
cafe_soluble,06/05/2020,No es la presentación que está anunciada y que solicite. Enviaron la versión descafeinada,1
cafe_capsulas,07/05/2020,El artículo me llego caducado,1
cafe_molido,07/05/2020,"Nunca llego, la caja no traia mi cafe",1
cafe_capsulas,10/05/2020,"Llegaron las las cajas del producto abiertas y aplastadas, la caja de empaque del embio venia abierta, no recomiedo",1
cafe_soluble,10/05/2020,"Pésimo servicio, no me llegó el producto pedí etiqueta roja y me llegó verde.
Pésimo servicio.",1
cafe_capsulas,11/05/2020,"estas cápsulas no son del tamaño de las cafetera de la casa, son tamaño industrial y en ningún momento lo especifica en  la descripción del producto y ahora resulta que no me deja devolverlas, osea dinero tirado a la basura, muy mal",1
cafe_soluble,11/05/2020,"Tengan cuidado porque pone que es un café keto, ideal para la dieta keto y resulta que tiene azúcar y bastante!! Es publicidad engañosa",1
cafe_soluble,12/05/2020,Al final me hicieron devolución  pero igual me quedé sin mi café.,1
cafe_grano,12/05/2020,"Café muy viejo, no tiene ningún aroma y casi no sabe a nada. Se nota que hace muchos meses (¿tal vez años?) que lo tostaron. Compré el flamingo descafeinado, porque a mi abuela le prohibieron la cafeína. Dice que sabe mucho mejor el nescafé (descafeinado soluble), y estoy de acuerdo con ella. Seguiré buscando  algún café de grano descafeínado que tenga buen sabor. Este me decepcionó mucho, lo voy a tirar porque no se puede devolver.",1
cafe_molido,12/05/2020,"Café muy viejo, no tiene ningún aroma y casi no sabe a nada. Se nota que hace muchos meses (¿tal vez años?) que lo tostaron. Compré el flamingo descafeinado, porque a mi abuela le prohibieron la cafeína. Dice que sabe mucho mejor el nescafé (descafeinado soluble), y estoy de acuerdo con ella. Seguiré buscando  algún café de grano descafeínado que tenga buen sabor. Este me decepcionó mucho, lo voy a tirar porque no se puede devolver.",1
cafe_grano,13/05/2020,Muy difícil de extraer y en espresso con todas las reglas de ajuste sale muy ácido.,1
cafe_capsulas,14/05/2020,"No me gustó este producto, creí que por ser Nescafé tendría buen sabor pero no es así, muy dulce y artificial.

Hay mejores cafés que este",1
cafe_capsulas,16/05/2020,"Recibí las capsulas de otra máquina, son las pequeñas y pedi de las grandes de la nueva maquina, la aplicacion no me permite devolverlo ni reportar la entrega incorrecta por telefono ni por correo",1
cafe_soluble,17/05/2020,A mí en lo personal no me gustó el sabor pero a varios miembros de mi familia si,1
cafe_capsulas,18/05/2020,Mal Sabor,1
cafe_soluble,18/05/2020,En la publicación muestran una presentación de 100gr y me llego uno de 48gr.!! pésimo servicio.,1
cafe_grano,18/05/2020,No tiene un sabor y olor agradable. Parece café común y corriente. No noto diferencia con marcas económicas,1
cafe_molido,18/05/2020,El paquete de café llegó abierto. No lo recomiendo.,1
cafe_molido,18/05/2020,No tiene un sabor y olor agradable. Parece café común y corriente. No noto diferencia con marcas económicas,1
cafe_soluble,19/05/2020,"Mi mercancia Lego con 1 frasco quebrado, por estar mal empacado y/o mal manipulado.

Y para colmo, este articulo no cuenta con cambios o devolucion.

No recomiendo compar Nada que venga con Cristal.",1
cafe_capsulas,20/05/2020,"Él café es de una excelente calidad, sin embargo efectivamente las cápsulas no funcionan correctamente.  Al parecer la cafetera no logra abrir la cápsula cómo es necesario (tengo la impresión que el  problema es el sello color aluminio) o el  café en el interior está muy compacto, el hecho es que la cafetera acumula presión por no poder atravesar la cápsula y el flujo no llega a llenar los mililitros correspondientes a Lungo o Espresso. La máquina parece dañarse.

Por ahora no recomiendo comprar.",1
cafe_grano,20/05/2020,"El café no es tostado medio, es  tostado ligero, creo que se equivocaron en la etiqueta, no es el armadillo que acostumbramos tomar.",1
cafe_molido,20/05/2020,"El café no es tostado medio, es  tostado ligero, creo que se equivocaron en la etiqueta, no es el armadillo que acostumbramos tomar.",1
cafe_soluble,22/05/2020,"Me cobraron 116 pesos por un producto 100g y me llegó uno de 48g.
Quería hacer la devolución y ni se pudo.

No lo compren, no lo recomiendo.",1
cafe_capsulas,23/05/2020,No fue entregado,1
cafe_soluble,23/05/2020,"Desde que lo destapas te das cuenta que no es bueno, no huele nada a café, es un aroma a caramelo quemado. Lástima, por el nombre tradicional esperaba un buen producto.",1
cafe_molido,23/05/2020,Pedí café molido y llegó entero,1
cafe_molido,25/05/2020,Compré el café porqué en la descripción decía MOLIDO y al recibirlo me doy cuenta que enviaron en GRANO y al querer hacer la devolución me aparece que ese producto no pude ser devuelto.,1
cafe_capsulas,27/05/2020,"NO ES UN BUEN PRODUCTO LE HACE FALTA MAS CALIDAD Y LOS SABORES DEL CAFÉ NADA QUE VER CON LO QUE PROMOCIONAN.

NO LO RECOMIENDO!!!!",1
cafe_soluble,28/05/2020,Esta caducado,1
cafe_molido,28/05/2020,Es desepcionante!,1
cafe_molido,29/05/2020,"A cualquier persona le puede disgustar un café y tal vez eso no sea razón para calificarlo mal. Pero este producto fue un desastre. La primera chucharada que tomé de él vino con un pelo. Como si eso no fuese suficiente, el sabor es pésimo, poco definido, sin aroma ni cuerpo. No lo recomiendo para nada.",1
cafe_soluble,01/06/2020,"Apenas y sabe a café, muy maldito...",1
cafe_soluble,02/06/2020,El producto llegó roto,1
cafe_molido,02/06/2020,"El producto nunca lo recibi, no obstante solicite informacion  al proveedor y este se comunicó, no resolvieron la situacion , casi un mes de haber comprado  el producto y nunca llegó",1
cafe_molido,02/06/2020,"Lo probé de varias formas y no fue de mi agrado, tiene sabor a quemado en exceso y en cápsulas tampoco es buena opción ya que no tiene sabor.",1
cafe_capsulas,03/06/2020,Esta abierto,1
cafe_soluble,04/06/2020,El sabor es muy malo. Muy artificial.,1
cafe_grano,04/06/2020,"Decidí darle una oportunidad al café y me lleve una muy mala experiencia, muy mal olor y sabor. Parece café viejo y el empaque no ayuda a mantener la frescura del café. No lo compres.",1
cafe_molido,04/06/2020,"Decidí darle una oportunidad al café y me lleve una muy mala experiencia, muy mal olor y sabor. Parece café viejo y el empaque no ayuda a mantener la frescura del café. No lo compres.",1
cafe_capsulas,05/06/2020,"Esta marca de café es mi favorita pero estas capsulas no funcionaron en la maquina, es como si el plástico estuviera demasiado duro y el poco café que salio tenia un sabor horrendo.",1
cafe_capsulas,05/06/2020,"Nunca le ha llamado la atención esta marca de café, siento que es tipo oxxo, pero vi buenas reseñas y pensé en darle la oportunidad.

Estos son mis comentarios:

El sabor es muy suave para ser espresso.
Las cápsulas no encajan con la máquina.
Café de mala calidad.",1
cafe_grano,06/06/2020,Todo mal. Mandaron el café equivocado. Pedí descafeinado molido y mandaron Pluma Hidalgo en grano. No hacen cambios ni devoluciones.,1
cafe_capsulas,07/06/2020,Suuuper amargo el cafe,1
cafe_capsulas,07/06/2020,"Una decepción total!!!
Es el primer envío que me llega después de programar el servicio recurrente. Pedí Vertuo Colombiano y me llegó Vertuo Mexicano. Lo peor es que no se puede devolver.",1
cafe_capsulas,08/06/2020,"El funcionamiento es malo, las cápsulas de Nespresso no caben y se salen.",1
cafe_capsulas,08/06/2020,"Muy decepcionado, no sólo he probado el que se supone es el más intenso y no sabe a nada, prácticamente agua pintada.",1
cafe_capsulas,08/06/2020,No es para la maquina q tengo. El cartucho es mas grade,1
cafe_soluble,08/06/2020,"La descripción del producto no corresponde, indican 6x16 bolsas y solo es una caja de 16 bolsas, además de que el peso del producto te hace pensar que si son 6 cajas de 16 bolsas cada una. Es un producto muy caro.",1
cafe_grano,09/06/2020,"Compre este café por error, ya que pensé que era de un kilo y salió de 280g. No lo puede regresar por ser café.  Es el café más caro que e comprado. Para los que les gusta el café americano es perfecto,  con un toque de sabor tostado. Pero para los que nos gusta el café espresso y disfrutamos del buen café. Este café no es adecuado para nosotros. Ya que le falta fuerza y sabor. Lo comparo como un globo lleno de aire pero al final se desinfla. No es cremoso, no tiene sabor, se esconde entre el tostado, que es perfecto y puede hacerte dudar. Pero al final no tiene fuerza. Los errores cuestas.  No es un café que se pueda prepara para expreso...  Para que tome mas sabor hay que dejarlo reposar casi tomar en frio.",1
cafe_capsulas,10/06/2020,"El producto nunca me llego, sigo esperando desde el 14 de abril y mando mail/para que me digan que onda con mi pedido y no han sido ni para contestarme",1
cafe_capsulas,10/06/2020,Quiero la devolución o cambio del producto ya que está a 20 días de caducar.,1
cafe_molido,10/06/2020,"Buenos días no he recibido mi paquete como dice mi correo por favor requiero investiguen.
Buenos días una gran disculpa fue recibido por la vecina muchas gracias.",1
cafe_capsulas,11/06/2020,Pésimo servicio. Llego las cápsulas equivocadas (otro tamaño y producto),1
cafe_soluble,13/06/2020,No me gustó el sabor,1
cafe_molido,14/06/2020,"Muy decepcionado, en general me encanta este café pero el que me llegó no servía, ya estaba demasiado viejo, un sabor muy desagradable, sin olor ni cuerpo.
Muy mal que no haya decolución. Es una compra totalmente perdida. Aquí debería intervenir PROFECO.",1
cafe_molido,15/06/2020,"Lo he probado en prensa francesa y en cafetera italiana, en ambos casos es un pésimo café, desde que abrí la bolsa el aroma era de café de super, y el sabor está al mismo nivel, sabe a café de samborns, vips o similares. Es un café barato cualquiera, no lo recomiendo, personalmente no lo volveré a comprar.",1
cafe_soluble,18/06/2020,"El día martes 16/06/2020 recibí el café de la parroquia de 100 g. el cual venía con el sello de garantía dañado, al revisar el contenido observé que parte del producto (en la base) venía solidificado e incluso se ve con moho, hice un nuevo pedido del mismo producto para comparar y el que recibí el día 18/06/2020 está con el sello de garantía en perfecto estado e incluso el total de café está en polvo sin rastros de estar adherido al frasco de vidrio. Me comuniqué con Amazon para indicarles lo ocurrido y me dieron una atención de calidad, esto para que no ocurra de nuevo y se puedan revisar los sellos de garantía de los productos.",1
cafe_molido,18/06/2020,"vi que tenía buenas reseñas y estaba buscando café para espresso, siendo este más para americano. Cuando lo pobre sabe a plástico y no se a que se debe esto.",1
cafe_capsulas,19/06/2020,"No solo llego con varios dias de atraso, sino que es sin duda uno de los perores cafés que he tomado.
Mal sabor, no funciona bien el la cafetera de Nesspreso, muy mal producto. No. Lo recomiendo.",1
cafe_capsulas,21/06/2020,No queda claro que el tamaño es tan grande y como no se puede devolver se va a desperdiciar.,1
cafe_soluble,22/06/2020,"Terrible experiencia.
Nunca llegó mi pedido.
Me sentí estafado.

No me vuelve a pasar.

No compren este producto.
No llega",1
cafe_molido,22/06/2020,"en la imagen decía que era de grano y me llego molido, y como no es elegible para devolución,lo tendremos que tirar a la basura.
por qué mienten así hdp...",1
cafe_capsulas,23/06/2020,"Llegó equivocado, eran otras cápsulas. La caja indicaba correctamente el producto pero al abrirlo eran mug y pedí Alto.",1
cafe_grano,23/06/2020,No está rico,1
cafe_soluble,24/06/2020,"El empaque de la  paqueteria sellado sin desperfectos , sin embargo, al abrir la tapa  del cafe, el sello de seguridad violado como se ve en las fotos.",1
cafe_molido,24/06/2020,No recibí este productor,1
cafe_molido,25/06/2020,"Compre cafe molido y me envian cafe en grano, y no me permiten la devolucion. Pesimo servicio. No recomendable.",1
cafe_molido,26/06/2020,"sabor común y CORRIENTE. Para nada sabe a café de altura.Sé que por el precio tal vez no se pueda pedir mucho, pero para nada corresponde a la calidad del café veracruzano.",1
cafe_capsulas,28/06/2020,Las cápsulas son un tamaño más grande que no se especifica.,1
cafe_molido,28/06/2020,"terrible..
cero sabor avellana y esa fue la razón de mi compra... lo peor fué qué compré dos... no lo recomiendo para nada",1
cafe_molido,29/06/2020,"Es la segunda vez que pido este café y en esta segunda ocasión el mismo llegó con un olor muy raro apesar de venir cerrado y en buen estado el empaque, al preparar el primer café el aroma fue más notorio y su sabor malísimo, la verdad es que no pienso seguir consumiendo de este paquete y les pido que revisen sus controles de calidad",1
cafe_molido,30/06/2020,El producto tiene muy poco aroma y poco sabor. La fecha de caducidad es dic 2020.... Solo 6 meses le restan para su consumo. Me da la impresion por el bajo aroma y sabor que lleva muchos meses almacenado.,1
cafe_capsulas,01/07/2020,"La entrega impecable.

El sabor del producto, decepcionante. Sabe a quemado. Son muy superiores las cápsulas de Nespresso.",1
cafe_capsulas,01/07/2020,Yo no pedi recibir una caja cada mes,1
cafe_grano,01/07/2020,"Aún no he probado el café, por lo que no puedo dar una calificación de sabor, pero lo pedí en grano y me llego molido. Eso sí, tiene muy buen aroma.",1
cafe_grano,01/07/2020,Yo pedí café en grano y me llegó molido y me dice que no puedo devolverlo,1
cafe_molido,01/07/2020,"Claramente en la descripción dice ""cafe molido"" y me mandan cafe en grano...Y este producto no se puede devolver.",1
cafe_molido,01/07/2020,"En la compra que hice dice paquete de 3
En las características igualmente en el peso es la suma de los 3 botes y sólo llegó uno",1
cafe_capsulas,03/07/2020,Como se aprecia en la fotografía este no es el producto que solicite y por supuesto quiero mi cambio o devolucion,1
cafe_molido,03/07/2020,"Publicidad y promoción engañosa. En la búsqueda de café en grano sale promocionado éste café y resulta que es molido. (por cierto de los más caros). En su descripción nunca lo indican sino que dedican espacio a poner cosas como ""el más vendido en Amazon"", cosa que tampoco es cierta. Por engañar al consumidor no merecen ni una estrella.",1
